timestamp,ip,status
2026-01-10 10:00:01,192.168.1.10,FAILED
2026-01-10 10:00:02,192.168.1.10,FAILED
2026-01-10 10:00:03,192.168.1.10,FAILED
2026-01-10 10:00:04,192.168.1.10,FAILED

2026-01-10 10:01:01,10.0.0.5,FAILED
2026-01-10 10:01:02,10.0.0.5,FAILED
2026-01-10 10:01:03,10.0.0.5,FAILED

2026-01-10 10:02:01,172.16.0.8,FAILED
2026-01-10 10:02:02,172.16.0.8,FAILED

2026-01-10 10:03:01,192.168.1.20,SUCCESS
2026-01-10 10:03:02,192.168.1.21,SUCCESS

2026-01-10 10:04:01,203.0.113.50,FAILED
2026-01-10 10:04:02,203.0.113.50,FAILED
2026-01-10 10:04:03,203.0.113.50,FAILED
2026-01-10 10:04:04,203.0.113.50,FAILED

2026-01-10 10:05:01,198.51.100.25,FAILED
2026-01-10 10:05:02,198.51.100.25,FAILED
2026-01-10 10:05:03,198.51.100.25,FAILED